<odoo>
    <data noupdate="1">
        <!-- Ahmedabad District -->
        <record id="city_ahmedabad" model="res.state.city">
            <field name="name">Ahmedabad</field>
        </record>
        <record id="city_daskroi" model="res.state.city">
            <field name="name">Daskroi</field>
        </record>
        <record id="city_dholka" model="res.state.city">
            <field name="name">Dholka</field>
        </record>
        <record id="city_sanand" model="res.state.city">
            <field name="name">Sanand</field>
        </record>
        <record id="city_bavla" model="res.state.city">
            <field name="name">Bavla</field>
        </record>
        <record id="city_viramgam" model="res.state.city">
            <field name="name">Viramgam</field>
        </record>
        <record id="city_mandal" model="res.state.city">
            <field name="name">Mandal</field>
        </record>
        <record id="city_detroj_rampura" model="res.state.city">
            <field name="name">Detroj-Rampura</field>
        </record>
        <record id="city_dhandhuka" model="res.state.city">
            <field name="name">Dhandhuka</field> <!-- Added small city -->
        </record>
        <record id="city_bareja" model="res.state.city">
            <field name="name">Bareja</field> <!-- Added small city -->
        </record>

        <!-- Amreli District -->
        <record id="city_amreli" model="res.state.city">
            <field name="name">Amreli</field>
        </record>
        <record id="city_savarkundla" model="res.state.city">
            <field name="name">Savarkundla</field>
        </record>
        <record id="city_rajula" model="res.state.city">
            <field name="name">Rajula</field>
        </record>
        <record id="city_bagasara" model="res.state.city">
            <field name="name">Bagasara</field>
        </record>
        <record id="city_lathi" model="res.state.city">
            <field name="name">Lathi</field>
        </record>
        <record id="city_jafrabad" model="res.state.city">
            <field name="name">Jafrabad</field>
        </record>
        <record id="city_dhari" model="res.state.city">
            <field name="name">Dhari</field> <!-- Added small city -->
        </record>
        <record id="city_babara" model="res.state.city">
            <field name="name">Babara</field> <!-- Added small city -->
        </record>
        <record id="city_kunkavav" model="res.state.city">
            <field name="name">Kunkavav</field> <!-- Added small city -->
        </record>

        <!-- Anand District -->
        <record id="city_anand" model="res.state.city">
            <field name="name">Anand</field>
        </record>
        <record id="city_petlad" model="res.state.city">
            <field name="name">Petlad</field>
        </record>
        <record id="city_khambhat" model="res.state.city">
            <field name="name">Khambhat</field>
        </record>
        <record id="city_borsad" model="res.state.city">
            <field name="name">Borsad</field>
        </record>
        <record id="city_umreth" model="res.state.city">
            <field name="name">Umreth</field>
        </record>
        <record id="city_anklav" model="res.state.city">
            <field name="name">Anklav</field>
        </record>
        <record id="city_tarapur" model="res.state.city">
            <field name="name">Tarapur</field> <!-- Added small city -->
        </record>
        <record id="city_sojitra" model="res.state.city">
            <field name="name">Sojitra</field> <!-- Added small city -->
        </record>

        <!-- Aravalli District -->
        <record id="city_modasa" model="res.state.city">
            <field name="name">Modasa</field>
        </record>
        <record id="city_meghraj" model="res.state.city">
            <field name="name">Meghraj</field>
        </record>
        <record id="city_malpur" model="res.state.city">
            <field name="name">Malpur</field>
        </record>
        <record id="city_dhansura" model="res.state.city">
            <field name="name">Dhansura</field>
        </record>
        <record id="city_bayad" model="res.state.city">
            <field name="name">Bayad</field>
        </record>
        <record id="city_bhiloda" model="res.state.city">
            <field name="name">Bhiloda</field> <!-- Added small city -->
        </record>
        <record id="city_shamlaji" model="res.state.city">
            <field name="name">Shamlaji</field> <!-- Added small city -->
        </record>

        <!-- Banaskantha District -->
        <record id="city_palanpur" model="res.state.city">
            <field name="name">Palanpur</field>
        </record>
        <record id="city_deesa" model="res.state.city">
            <field name="name">Deesa</field>
        </record>
        <record id="city_tharad" model="res.state.city">
            <field name="name">Tharad</field>
        </record>
        <record id="city_dhanera" model="res.state.city">
            <field name="name">Dhanera</field>
        </record>
        <record id="city_bhabhar" model="res.state.city">
            <field name="name">Bhabhar</field>
        </record>
        <record id="city_danta" model="res.state.city">
            <field name="name">Danta</field>
        </record>
        <record id="city_vadgam" model="res.state.city">
            <field name="name">Vadgam</field>
        </record>
        <record id="city_ambaji" model="res.state.city">
            <field name="name">Ambaji</field> <!-- Added small city -->
        </record>
        <record id="city_kankrej" model="res.state.city">
            <field name="name">Kankrej</field> <!-- Added small city -->
        </record>

        <!-- Bharuch District -->
        <record id="city_bharuch" model="res.state.city">
            <field name="name">Bharuch</field>
        </record>
        <record id="city_ankleshwar" model="res.state.city">
            <field name="name">Ankleshwar</field>
        </record>
        <record id="city_hansot" model="res.state.city">
            <field name="name">Hansot</field>
        </record>
        <record id="city_jambusar" model="res.state.city">
            <field name="name">Jambusar</field>
        </record>
        <record id="city_jhagadia" model="res.state.city">
            <field name="name">Jhagadia</field>
        </record>
        <record id="city_palej" model="res.state.city">
            <field name="name">Palej</field> <!-- Added small city -->
        </record>
        <record id="city_amod" model="res.state.city">
            <field name="name">Amod</field> <!-- Added small city -->
        </record>
        <record id="city_valia" model="res.state.city">
            <field name="name">Valia</field> <!-- Added small city -->
        </record>

        <!-- Bhavnagar District -->
        <record id="city_bhavnagar" model="res.state.city">
            <field name="name">Bhavnagar</field>
        </record>
        <record id="city_botad" model="res.state.city">
            <field name="name">Botad</field>
        </record>
        <record id="city_sihor" model="res.state.city">
            <field name="name">Sihor</field>
        </record>
        <record id="city_gariadhar" model="res.state.city">
            <field name="name">Gariadhar</field>
        </record>
        <record id="city_palitana" model="res.state.city">
            <field name="name">Palitana</field>
        </record>
        <record id="city_mahuva" model="res.state.city">
            <field name="name">Mahuva</field>
        </record>
        <record id="city_talaja" model="res.state.city">
            <field name="name">Talaja</field>
        </record>
        <record id="city_vallabhipur" model="res.state.city">
            <field name="name">Vallabhipur</field> <!-- Added small city -->
        </record>
        <record id="city_jesar" model="res.state.city">
            <field name="name">Jesar</field> <!-- Added small city -->
        </record>

        <!-- Botad District -->
        <record id="city_botad_botad" model="res.state.city">
            <field name="name">Botad</field>
        </record>
        <record id="city_gadhada" model="res.state.city">
            <field name="name">Gadhada</field>
        </record>
        <record id="city_barwala" model="res.state.city">
            <field name="name">Barwala</field>
        </record>
        <record id="city_ranpur" model="res.state.city">
            <field name="name">Ranpur</field> <!-- Added small city -->
        </record>

        <!-- Chhota Udaipur District -->
        <record id="city_chhota_udaipur" model="res.state.city">
            <field name="name">Chhota Udaipur</field>
        </record>
        <record id="city_nasvadi" model="res.state.city">
            <field name="name">Nasvadi</field>
        </record>
        <record id="city_kawant" model="res.state.city">
            <field name="name">Kawant</field>
        </record>
        <record id="city_jetpur_pavi" model="res.state.city">
            <field name="name">Jetpur Pavi</field>
        </record>
        <record id="city_sankheda" model="res.state.city">
            <field name="name">Sankheda</field> <!-- Added small city -->
        </record>
        <record id="city_bodeli" model="res.state.city">
            <field name="name">Bodeli</field> <!-- Added small city -->
        </record>

        <!-- Dahod District -->
        <record id="city_dahod" model="res.state.city">
            <field name="name">Dahod</field>
        </record>
        <record id="city_devgadh_baria" model="res.state.city">
            <field name="name">Devgadh Baria</field>
        </record>
        <record id="city_limkheda" model="res.state.city">
            <field name="name">Limkheda</field>
        </record>
        <record id="city_jhalod" model="res.state.city">
            <field name="name">Jhalod</field>
        </record>
        <record id="city_fatepura" model="res.state.city">
            <field name="name">Fatepura</field> <!-- Added small city -->
        </record>
        <record id="city_santrampur" model="res.state.city">
            <field name="name">Santrampur</field> <!-- Added small city -->
        </record>

        <!-- Dang District -->
        <record id="city_ahwa" model="res.state.city">
            <field name="name">Ahwa</field>
        </record>
        <record id="city_waghai" model="res.state.city">
            <field name="name">Waghai</field>
        </record>
        <record id="city_subir" model="res.state.city">
            <field name="name">Subir</field>
        </record>

        <!-- Devbhoomi Dwarka District -->
        <record id="city_dwarka" model="res.state.city">
            <field name="name">Dwarka</field>
        </record>
        <record id="city_khambhalia" model="res.state.city">
            <field name="name">Khambhalia</field>
        </record>
        <record id="city_okha" model="res.state.city">
            <field name="name">Okha</field>
        </record>
        <record id="city_jam_raval" model="res.state.city">
            <field name="name">Jam Raval</field>
        </record>
        <record id="city_bhanvad" model="res.state.city">
            <field name="name">Bhanvad</field> <!-- Added small city -->
        </record>

        <!-- Gandhinagar District -->
        <record id="city_gandhinagar" model="res.state.city">
            <field name="name">Gandhinagar</field>
        </record>
        <record id="city_kalol_gandhinagar" model="res.state.city">
            <field name="name">Kalol</field>
        </record>
        <record id="city_mansa" model="res.state.city">
            <field name="name">Mansa</field>
        </record>
        <record id="city_dehgam" model="res.state.city">
            <field name="name">Dehgam</field>
        </record>

        <!-- Gir Somnath District -->
        <record id="city_veraval" model="res.state.city">
            <field name="name">Veraval</field>
        </record>
        <record id="city_somnath" model="res.state.city">
            <field name="name">Somnath</field>
        </record>
        <record id="city_kodinar" model="res.state.city">
            <field name="name">Kodinar</field>
        </record>
        <record id="city_una" model="res.state.city">
            <field name="name">Una</field>
        </record>
        <record id="city_talala" model="res.state.city">
            <field name="name">Talala</field>
        </record>
        <record id="city_sutrapada" model="res.state.city">
            <field name="name">Sutrapada</field>
        </record>
        <record id="city_gir_gadhada" model="res.state.city">
            <field name="name">Gir Gadhada</field> <!-- Added small city -->
        </record>

        <!-- Jamnagar District -->
        <record id="city_jamnagar" model="res.state.city">
            <field name="name">Jamnagar</field>
        </record>
        <record id="city_dhrol" model="res.state.city">
            <field name="name">Dhrol</field>
        </record>
        <record id="city_jamjodhpur" model="res.state.city">
            <field name="name">Jamjodhpur</field>
        </record>
        <record id="city_kalavad" model="res.state.city">
            <field name="name">Kalavad</field>
        </record>
        <record id="city_lalpur" model="res.state.city">
            <field name="name">Lalpur</field>
        </record>
        <record id="city_jodiya" model="res.state.city">
            <field name="name">Jodiya</field> <!-- Added small city -->
        </record>

        <!-- Junagadh District -->
        <record id="city_junagadh" model="res.state.city">
            <field name="name">Junagadh</field>
        </record>
        <record id="city_keshod" model="res.state.city">
            <field name="name">Keshod</field>
        </record>
        <record id="city_mangrol" model="res.state.city">
            <field name="name">Mangrol</field>
        </record>
        <record id="city_manavadar" model="res.state.city">
            <field name="name">Manavadar</field>
        </record>
        <record id="city_visavadar" model="res.state.city">
            <field name="name">Visavadar</field>
        </record>
        <record id="city_mendarda" model="res.state.city">
            <field name="name">Mendarda</field>
        </record>
        <record id="city_bilkha" model="res.state.city">
            <field name="name">Bilkha</field> <!-- Added small city -->
        </record>
        <record id="city_bhesan" model="res.state.city">
            <field name="name">Bhesan</field> <!-- Added small city -->
        </record>

        <!-- Kheda District -->
        <record id="city_nadiad" model="res.state.city">
            <field name="name">Nadiad</field>
        </record>
        <record id="city_kheda" model="res.state.city">
            <field name="name">Kheda</field>
        </record>
        <record id="city_kapadvanj" model="res.state.city">
            <field name="name">Kapadvanj</field>
        </record>
        <record id="city_mahemdavad" model="res.state.city">
            <field name="name">Mahemdavad</field>
        </record>
        <record id="city_kathlal" model="res.state.city">
            <field name="name">Kathlal</field>
        </record>
        <record id="city_balasinor" model="res.state.city">
            <field name="name">Balasinor</field> <!-- Added small city -->
        </record>
        <record id="city_thasra" model="res.state.city">
            <field name="name">Thasra</field> <!-- Added small city -->
        </record>

        <!-- Kutch District -->
        <record id="city_bhuj" model="res.state.city">
            <field name="name">Bhuj</field>
        </record>
        <record id="city_gandhidham" model="res.state.city">
            <field name="name">Gandhidham</field>
        </record>
        <record id="city_anjar" model="res.state.city">
            <field name="name">Anjar</field>
        </record>
        <record id="city_mandvi" model="res.state.city">
            <field name="name">Mandvi</field>
        </record>
        <record id="city_mundra" model="res.state.city">
            <field name="name">Mundra</field>
        </record>
        <record id="city_bhachau" model="res.state.city">
            <field name="name">Bhachau</field>
        </record>
        <record id="city_rapar" model="res.state.city">
            <field name="name">Rapar</field>
        </record>
        <record id="city_nakhatrana" model="res.state.city">
            <field name="name">Nakhatrana</field>
        </record>
        <record id="city_abdasa" model="res.state.city">
            <field name="name">Abdasa</field> <!-- Added small city (Naliya) -->
        </record>
        <record id="city_lakhpat" model="res.state.city">
            <field name="name">Lakhpat</field> <!-- Added small city (Dayapar) -->
        </record>

        <!-- Mahisagar District -->
        <record id="city_lunawada" model="res.state.city">
            <field name="name">Lunawada</field>
        </record>
        <record id="city_santrampur_mahisagar" model="res.state.city">
            <field name="name">Santrampur</field>
        </record>
        <record id="city_kadana" model="res.state.city">
            <field name="name">Kadana</field>
        </record>
        <record id="city_khanpur" model="res.state.city">
            <field name="name">Khanpur</field>
        </record>
        <record id="city_virpur" model="res.state.city">
            <field name="name">Virpur</field> <!-- Added small city -->
        </record>

        <!-- Mehsana District -->
        <record id="city_mehsana" model="res.state.city">
            <field name="name">Mehsana</field>
        </record>
        <record id="city_visnagar" model="res.state.city">
            <field name="name">Visnagar</field>
        </record>
        <record id="city_kadi" model="res.state.city">
            <field name="name">Kadi</field>
        </record>
        <record id="city_vijapur" model="res.state.city">
            <field name="name">Vijapur</field>
        </record>
        <record id="city_unjha" model="res.state.city">
            <field name="name">Unjha</field>
        </record>
        <record id="city_kheralu" model="res.state.city">
            <field name="name">Kheralu</field>
        </record>
        <record id="city_satlasana" model="res.state.city">
            <field name="name">Satlasana</field> <!-- Added small city -->
        </record>

        <!-- Morbi District -->
        <record id="city_morbi" model="res.state.city">
            <field name="name">Morbi</field>
        </record>
        <record id="city_wankaner" model="res.state.city">
            <field name="name">Wankaner</field>
        </record>
        <record id="city_halvad" model="res.state.city">
            <field name="name">Halvad</field>
        </record>
        <record id="city_maliya_miyana" model="res.state.city">
            <field name="name">Maliya Miyana</field>
        </record>
        <record id="city_tankara" model="res.state.city">
            <field name="name">Tankara</field>
        </record>

        <!-- Narmada District -->
        <record id="city_rajpipla" model="res.state.city">
            <field name="name">Rajpipla</field>
        </record>
        <record id="city_nandod" model="res.state.city">
            <field name="name">Nandod</field>
        </record>
        <record id="city_dediapada" model="res.state.city">
            <field name="name">Dediapada</field>
        </record>
        <record id="city_sagbara" model="res.state.city">
            <field name="name">Sagbara</field>
        </record>
        <record id="city_tilakwada" model="res.state.city">
            <field name="name">Tilakwada</field> <!-- Added small city -->
        </record>

        <!-- Navsari District -->
        <record id="city_navsari" model="res.state.city">
            <field name="name">Navsari</field>
        </record>
        <record id="city_bilimora" model="res.state.city">
            <field name="name">Bilimora</field>
        </record>
        <record id="city_gandevi" model="res.state.city">
            <field name="name">Gandevi</field>
        </record>
        <record id="city_chikhli" model="res.state.city">
            <field name="name">Chikhli</field>
        </record>
        <record id="city_vansda" model="res.state.city">
            <field name="name">Vansda</field>
        </record>
        <record id="city_jalalpore" model="res.state.city">
            <field name="name">Jalalpore</field> <!-- Added small city -->
        </record>

        <!-- Panchmahal District -->
        <record id="city_godhra" model="res.state.city">
            <field name="name">Godhra</field>
        </record>
        <record id="city_halol" model="res.state.city">
            <field name="name">Halol</field>
        </record>
        <record id="city_kalol_panchmahal" model="res.state.city">
            <field name="name">Kalol</field>
        </record>
        <record id="city_jambughoda" model="res.state.city">
            <field name="name">Jambughoda</field>
        </record>
        <record id="city_ghoghamba" model="res.state.city">
            <field name="name">Ghoghamba</field>
        </record>
        <record id="city_morva_hadaf" model="res.state.city">
            <field name="name">Morva Hadaf</field> <!-- Added small city -->
        </record>
        <record id="city_shehera" model="res.state.city">
            <field name="name">Shehera</field> <!-- Added small city -->
        </record>

        <!-- Patan District -->
        <record id="city_patan" model="res.state.city">
            <field name="name">Patan</field>
        </record>
        <record id="city_sidhpur" model="res.state.city">
            <field name="name">Sidhpur</field>
        </record>
        <record id="city_harij" model="res.state.city">
            <field name="name">Harij</field>
        </record>
        <record id="city_radhanpur" model="res.state.city">
            <field name="name">Radhanpur</field>
        </record>
        <record id="city_chanasma" model="res.state.city">
            <field name="name">Chanasma</field>
        </record>
        <record id="city_sami" model="res.state.city">
            <field name="name">Sami</field>
        </record>
        <record id="city_santalpur" model="res.state.city">
            <field name="name">Santalpur</field> <!-- Added small city -->
        </record>

        <!-- Porbandar District -->
        <record id="city_porbandar" model="res.state.city">
            <field name="name">Porbandar</field>
        </record>
        <record id="city_ranavav" model="res.state.city">
            <field name="name">Ranavav</field>
        </record>
        <record id="city_kutiyana" model="res.state.city">
            <field name="name">Kutiyana</field>
        </record>

        <!-- Rajkot District -->
        <record id="city_rajkot" model="res.state.city">
            <field name="name">Rajkot</field>
        </record>
        <record id="city_gondal" model="res.state.city">
            <field name="name">Gondal</field>
        </record>
        <record id="city_jetpur" model="res.state.city">
            <field name="name">Jetpur</field>
        </record>
        <record id="city_dhoraji" model="res.state.city">
            <field name="name">Dhoraji</field>
        </record>
        <record id="city_upleta" model="res.state.city">
            <field name="name">Upleta</field>
        </record>
        <record id="city_jasdan" model="res.state.city">
            <field name="name">Jasdan</field>
        </record>
        <record id="city_kotda_sangani" model="res.state.city">
            <field name="name">Kotda Sangani</field>
        </record>
        <record id="city_lodhika" model="res.state.city">
            <field name="name">Lodika</field> <!-- Added small city -->
        </record>

        <!-- Sabarkantha District -->
        <record id="city_himmatnagar" model="res.state.city">
            <field name="name">Himmatnagar</field>
        </record>
        <record id="city_idar" model="res.state.city">
            <field name="name">Idar</field>
        </record>
        <record id="city_prantij" model="res.state.city">
            <field name="name">Prantij</field>
        </record>
        <record id="city_talod" model="res.state.city">
            <field name="name">Talod</field>
        </record>
        <record id="city_khedbrahma" model="res.state.city">
            <field name="name">Khedbrahma</field>
        </record>
        <record id="city_vijaynagar" model="res.state.city">
            <field name="name">Vijaynagar</field> <!-- Added small city -->
        </record>
        <record id="city_vadali" model="res.state.city">
            <field name="name">Vadali</field> <!-- Added small city -->
        </record>

        <!-- Surat District -->
        <record id="city_surat" model="res.state.city">
            <field name="name">Surat</field>
        </record>
        <record id="city_bardoli" model="res.state.city">
            <field name="name">Bardoli</field>
        </record>
        <record id="city_mandvi_surat" model="res.state.city">
            <field name="name">Mandvi</field>
        </record>
        <record id="city_olpad" model="res.state.city">
            <field name="name">Olpad</field>
        </record>
        <record id="city_kamrej" model="res.state.city">
            <field name="name">Kamrej</field>
        </record>
        <record id="city_palsana" model="res.state.city">
            <field name="name">Palsana</field>
        </record>
        <record id="city_mahuva_surat" model="res.state.city">
            <field name="name">Mahuva</field> <!-- Added small city -->
        </record>
        <record id="city_kosamba" model="res.state.city">
            <field name="name">Kosamba</field> <!-- Added small city -->
        </record>

        <!-- Surendranagar District -->
        <record id="city_surendranagar" model="res.state.city">
            <field name="name">Surendranagar</field>
        </record>
        <record id="city_wadhwan" model="res.state.city">
            <field name="name">Wadhwan</field>
        </record>
        <record id="city_dhrangadhra" model="res.state.city">
            <field name="name">Dhrangadhra</field>
        </record>
        <record id="city_limbdi" model="res.state.city">
            <field name="name">Limbdi</field>
        </record>
        <record id="city_chotila" model="res.state.city">
            <field name="name">Chotila</field>
        </record>
        <record id="city_halvad_surendranagar" model="res.state.city">
            <field name="name">Halvad</field>
        </record>
        <record id="city_sayla" model="res.state.city">
            <field name="name">Sayla</field> <!-- Added small city -->
        </record>

        <!-- Tapi District -->
        <record id="city_vyara" model="res.state.city">
            <field name="name">Vyara</field>
        </record>
        <record id="city_songadh" model="res.state.city">
            <field name="name">Songadh</field>
        </record>
        <record id="city_valod" model="res.state.city">
            <field name="name">Valod</field>
        </record>
        <record id="city_uchchhal" model="res.state.city">
            <field name="name">Uchchhal</field>
        </record>
        <record id="city_nizar" model="res.state.city">
            <field name="name">Nizar</field>
        </record>
        <record id="city_kukarmunda" model="res.state.city">
            <field name="name">Kukarmunda</field> <!-- Added small city -->
        </record>

        <!-- Vadodara District -->
        <record id="city_vadodara" model="res.state.city">
            <field name="name">Vadodara</field>
        </record>
        <record id="city_savli" model="res.state.city">
            <field name="name">Savli</field>
        </record>
        <record id="city_dabhoi" model="res.state.city">
            <field name="name">Dabhoi</field>
        </record>
        <record id="city_padra" model="res.state.city">
            <field name="name">Padra</field>
        </record>
        <record id="city_karjan" model="res.state.city">
            <field name="name">Karjan</field>
        </record>
        <record id="city_waghodia" model="res.state.city">
            <field name="name">Waghodia</field>
        </record>
        <record id="city_sinor" model="res.state.city">
            <field name="name">Sinor</field> <!-- Added small city -->
        </record>

        <!-- Valsad District -->
        <record id="city_valsad" model="res.state.city">
            <field name="name">Valsad</field>
        </record>
        <record id="city_vapi" model="res.state.city">
            <field name="name">Vapi</field>
        </record>
        <record id="city_pardi" model="res.state.city">
            <field name="name">Pardi</field>
        </record>
        <record id="city_umbergaon" model="res.state.city">
            <field name="name">Umbergaon</field>
        </record>
        <record id="city_dharampur" model="res.state.city">
            <field name="name">Dharampur</field>
        </record>
        <record id="city_kaprada" model="res.state.city">
            <field name="name">Kaprada</field> <!-- Added small city -->
        </record>
    </data>
</odoo>