<odoo>
    <data>
        <!--  Patient Card Report  -->
        <record id="hospital_invoice" model="ir.actions.report">
            <field name="name">Patient Invoice</field>
            <field name="model">hospital.patient</field>
            <field name="report_type">qweb-pdf</field>
            <field name="report_name">dd_hospital_patient.invoice_hospital</field>
            <field name="report_file">dd_hospital_patient.invoice_hospital</field>
        </record>
        <!--  Patient Card Template  -->
        <template id="invoice_hospital">
            <t t-call="web.html_container">
                <t t-foreach="docs" t-as="doc">
                    <t t-call="web.external_layout">

                         <div class="page">
<div style="text-align: center; margin-bottom: 20px;">
            <img src="/dd_hospital_patient/static/src/img/hospital_logo.png"
     style="max-width: 150px; height: auto;"/>
            </div>
            <!-- Header -->
            <div class="text-center">
                <h2 style="text-transform: uppercase;">Hospital Invoice</h2>
            </div>

            <!-- Patient & Invoice Details -->
            <div style="display: flex; justify-content: space-between; margin-bottom: 20px;">
                <div>
                    <strong>Invoice No:</strong> <span t-field="doc.sequence"/><br/>
                    <strong>Invoice Date:</strong> <span t-field="doc.create_date"/>
                </div>
                <div>
                    <strong>Patient Name:</strong> <span t-field="doc.name"/><br/>
                    <strong>Patient ID:</strong> <span t-field="doc.sequence"/><br/>
                    <strong>Mobile:</strong> <span t-field="doc.mo_number"/>
                </div>
            </div>

            <!-- Treatment Table -->
            <table class="table table-condensed">
                <thead>
                    <tr style="background-color: #f2f2f2;">
                        <th style="width: 5%;">#</th>
                        <th style="width: 30%;">Treatment</th>
                        <th style="width: 20%;">Date</th>
                        <th style="width: 15%;">Charge</th>
                        <th style="width: 15%;">Paid</th>
                        <th style="width: 15%;">Unpaid</th>
                    </tr>
                </thead>
                <tbody>
                    <tr t-foreach="doc.sitting_detail" t-as="line">
                        <td t-esc="line.sequence"/>
                        <td t-esc="line.treatment_name"/>
                        <td t-esc="line.treatment_date.strftime('%d-%m-%Y')"/>
                        <td t-esc="line.treatment_charge"/>
                        <td t-esc="line.paid and 'Yes' or 'No'"/>
                        <td t-esc="line.paid and 0 or line.treatment_charge"/>
                    </tr>
                </tbody>
            </table>

            <!-- Payment Summary -->
            <div style="display: flex; justify-content: flex-end; margin-top: 20px;">
    <div style="text-align: right;">
        <h5>Total Paid: <span t-field="doc.paid"/></h5>
        <h5>Total Unpaid: <span t-field="doc.unpaid"/></h5>
    </div>
</div>


            <!-- Footer -->
          <div style="display: flex; flex-direction: column; min-height: 100vh;">
    <div style="flex-grow: 1;"></div>
    <div class="text-center" style="margin-top: auto; padding: 20px;">
        <h4>Thank you for choosing our hospital!</h4>
    </div>
</div>


        </div>
                    </t>
                </t>
            </t>
        </template>

    </data>
</odoo>