<?xml version="1.0"?>
<odoo>
    <data>
        <record id="patient_sequence" model="ir.sequence">
            <field name="name">patient sequence</field>
            <field name="code">patient</field>
            <field name="prefix">HSP</field>
            <field name="padding">3</field>
            <field name="number_next">1</field>
            <field name="number_increment">1</field>
        </record>
        <record id="patient_sitting_sequence" model="ir.sequence">
            <field name="name">patient sequence</field>
            <field name="code">sitting</field>
            <field name="prefix">HS</field>
            <field name="padding">4</field>
            <field name="number_next">1</field>
            <field name="number_increment">1</field>
        </record>

    </data>
</odoo>
